{
    "busno_1": {
        "starting position": "J",
        "final pos": "J",
        "trips": [
            "AJ_UP_0",
            "AJ_DN_120",
            "AJ_UP_240",
            "AK_DN_345",
            "AJ_UP_570",
            "AK_DN_675",
            "AK_UP_795",
            "AJ_DN_900"
        ],
        "busytill": 990,
        "traveltime": 795,
        "waittimes": [],
        "runtimes": [
            85,
            75,
            85,
            80,
            85,
            90,
            80,
            75
        ],
        "breakstart": 435,
        "breakend": 570
    },
    "busno_2": {
        "starting position": "K",
        "final pos": "K",
        "trips": [
            "AK_UP_15",
            "AK_DN_150",
            "AK_UP_255",
            "AJ_DN_360",
            "AK_UP_585",
            "AJ_DN_690",
            "AJ_UP_780",
            "AK_DN_915"
        ],
        "busytill": 1020,
        "traveltime": 765,
        "waittimes": [],
        "runtimes": [
            70,
            80,
            70,
            75,
            80,
            75,
            85,
            85
        ],
        "breakstart": 450,
        "breakend": 585
    },
    "busno_3": {
        "starting position": "J",
        "final pos": "J",
        "trips": [
            "AJ_UP_60",
            "AJ_DN_180",
            "AJ_UP_270",
            "AK_DN_375",
            "AJ_UP_600",
            "AK_DN_705",
            "AK_UP_855",
            "AJ_DN_960"
        ],
        "busytill": 1065,
        "traveltime": 810,
        "waittimes": [],
        "runtimes": [
            85,
            75,
            85,
            80,
            85,
            90,
            80,
            85
        ],
        "breakstart": 465,
        "breakend": 600
    },
    "busno_4": {
        "starting position": "J",
        "final pos": "J",
        "trips": [
            "AK_UP_75",
            "AK_DN_210",
            "AK_UP_315",
            "AK_DN_405",
            "AJ_UP_630",
            "AK_DN_750",
            "AK_UP_915",
            "AJ_DN_1020"
        ],
        "busytill": 1125,
        "traveltime": 780,
        "waittimes": [],
        "runtimes": [
            70,
            80,
            70,
            80,
            85,
            90,
            80,
            85
        ],
        "breakstart": 495,
        "breakend": 630
    },
    "busno_5": {
        "starting position": "J",
        "final pos": "K",
        "trips": [
            "AJ_UP_120",
            "AJ_DN_240",
            "AJ_UP_330",
            "AK_DN_435",
            "AJ_UP_660",
            "AJ_DN_780",
            "AJ_UP_900",
            "AK_DN_1005"
        ],
        "busytill": 1125,
        "traveltime": 810,
        "waittimes": [],
        "runtimes": [
            85,
            75,
            85,
            80,
            85,
            75,
            85,
            105
        ],
        "breakstart": 525,
        "breakend": 660
    },
    "busno_6": {
        "starting position": "K",
        "final pos": "J",
        "trips": [
            "AK_UP_135",
            "AK_DN_255",
            "AK_UP_345",
            "AJ_DN_450",
            "AK_UP_675",
            "AK_DN_810",
            "AK_UP_945",
            "AJ_DN_1050"
        ],
        "busytill": 1155,
        "traveltime": 780,
        "waittimes": [],
        "runtimes": [
            70,
            80,
            70,
            75,
            80,
            85,
            80,
            85
        ],
        "breakstart": 540,
        "breakend": 675
    },
    "busno_7": {
        "starting position": "J",
        "final pos": "K",
        "trips": [
            "AJ_UP_180",
            "AK_DN_285",
            "AK_UP_375",
            "AK_DN_465",
            "AJ_UP_690",
            "AJ_DN_840",
            "AJ_UP_930",
            "AK_DN_1035"
        ],
        "busytill": 1155,
        "traveltime": 795,
        "waittimes": [],
        "runtimes": [
            85,
            80,
            70,
            80,
            85,
            75,
            85,
            105
        ],
        "breakstart": 555,
        "breakend": 690
    },
    "busno_8": {
        "starting position": "J",
        "final pos": "J",
        "trips": [
            "AK_UP_195",
            "AJ_DN_300",
            "AJ_UP_390",
            "AK_DN_495",
            "AJ_UP_720",
            "AK_DN_870",
            "AK_UP_975",
            "AJ_DN_1080"
        ],
        "busytill": 1185,
        "traveltime": 795,
        "waittimes": [],
        "runtimes": [
            70,
            75,
            85,
            80,
            85,
            85,
            85,
            85
        ],
        "breakstart": 585,
        "breakend": 720
    },
    "busno_9": {
        "starting position": "J",
        "final pos": "J",
        "trips": [
            "AK_UP_285",
            "AJ_DN_390",
            "AJ_UP_480",
            "AK_DN_585",
            "AJ_UP_840",
            "AK_DN_945",
            "AK_UP_1065",
            "AJ_DN_1170"
        ],
        "busytill": 1275,
        "traveltime": 810,
        "waittimes": [],
        "runtimes": [
            70,
            75,
            85,
            90,
            85,
            85,
            85,
            85
        ],
        "breakstart": 690,
        "breakend": 840
    },
    "busno_10": {
        "starting position": "J",
        "final pos": "J",
        "trips": [
            "AJ_UP_300",
            "AJ_DN_420",
            "AJ_UP_510",
            "AK_DN_615",
            "AJ_UP_960",
            "AK_DN_1095",
            "AK_UP_1215",
            "AJ_DN_1320"
        ],
        "busytill": 1410,
        "traveltime": 840,
        "waittimes": [],
        "runtimes": [
            85,
            75,
            85,
            90,
            100,
            105,
            85,
            80
        ],
        "breakstart": 720,
        "breakend": 960
    },
    "busno_11": {
        "starting position": "J",
        "final pos": "K",
        "trips": [
            "AJ_UP_360",
            "AJ_DN_480",
            "AJ_UP_990",
            "AJ_DN_1110",
            "AJ_UP_1350",
            "AK_DN_30"
        ],
        "busytill": 1560,
        "traveltime": 615,
        "waittimes": [],
        "runtimes": [
            85,
            75,
            100,
            85,
            90,
            80
        ],
        "breakstart": 1215,
        "breakend": 1350
    },
    "busno_12": {
        "starting position": "J",
        "final pos": "J",
        "trips": [
            "AK_UP_405",
            "AJ_DN_510",
            "AJ_UP_1020",
            "AJ_DN_1140",
            "AJ_UP_1380",
            "AJ_DN_60"
        ],
        "busytill": 1590,
        "traveltime": 600,
        "waittimes": [],
        "runtimes": [
            70,
            75,
            100,
            85,
            90,
            75
        ],
        "breakstart": 1245,
        "breakend": 1380
    },
    "busno_13": {
        "starting position": "J",
        "final pos": "K",
        "trips": [
            "AJ_UP_420",
            "AK_DN_525",
            "AK_UP_615",
            "AJ_DN_720",
            "AJ_UP_1080",
            "AJ_DN_1200",
            "AJ_UP_1290",
            "AK_DN_1410"
        ],
        "busytill": 1500,
        "traveltime": 795,
        "waittimes": [],
        "runtimes": [
            85,
            80,
            80,
            75,
            100,
            80,
            90,
            80
        ],
        "breakstart": 810,
        "breakend": 1080
    },
    "busno_14": {
        "starting position": "K",
        "final pos": "C",
        "trips": [
            "AK_UP_435",
            "AJ_DN_540",
            "AJ_UP_1050",
            "AK_DN_1185"
        ],
        "busytill": 1305,
        "traveltime": 420,
        "waittimes": [],
        "runtimes": [
            75,
            75,
            100,
            105
        ],
        "breakstart": 1305,
        "breakend": 0
    },
    "busno_15": {
        "starting position": "K",
        "final pos": "J",
        "trips": [
            "AJ_UP_450",
            "AK_DN_555",
            "AK_UP_705",
            "AJ_DN_930",
            "AK_UP_1155",
            "AJ_DN_1260"
        ],
        "busytill": 1350,
        "traveltime": 600,
        "waittimes": [],
        "runtimes": [
            85,
            90,
            80,
            75,
            85,
            80
        ],
        "breakstart": 1020,
        "breakend": 1155
    },
    "busno_16": {
        "starting position": "K",
        "final pos": "C",
        "trips": [
            "AK_UP_465",
            "AJ_DN_570",
            "AJ_UP_1110",
            "AJ_DN_1230"
        ],
        "busytill": 1320,
        "traveltime": 390,
        "waittimes": [],
        "runtimes": [
            75,
            75,
            100,
            80
        ],
        "breakstart": 1320,
        "breakend": 0
    },
    "busno_17": {
        "starting position": "K",
        "final pos": "C",
        "trips": [
            "AK_UP_495",
            "AJ_DN_600",
            "AJ_UP_1140",
            "AK_DN_1275"
        ],
        "busytill": 1380,
        "traveltime": 405,
        "waittimes": [],
        "runtimes": [
            75,
            75,
            100,
            85
        ],
        "breakstart": 1380,
        "breakend": 0
    },
    "busno_18": {
        "starting position": "K",
        "final pos": "C",
        "trips": [
            "AK_UP_525",
            "AJ_DN_630",
            "AJ_UP_1170",
            "AJ_DN_1290"
        ],
        "busytill": 1380,
        "traveltime": 390,
        "waittimes": [],
        "runtimes": [
            75,
            75,
            100,
            80
        ],
        "breakstart": 1380,
        "breakend": 0
    },
    "busno_19": {
        "starting position": "K",
        "final pos": "K",
        "trips": [
            "AJ_UP_540",
            "AK_DN_645",
            "AK_UP_1005",
            "AK_DN_1125",
            "AK_UP_1395",
            "AK_DN_90"
        ],
        "busytill": 1620,
        "traveltime": 630,
        "waittimes": [],
        "runtimes": [
            85,
            90,
            85,
            105,
            80,
            80
        ],
        "breakstart": 1245,
        "breakend": 1395
    },
    "busno_20": {
        "starting position": "K",
        "final pos": "C",
        "trips": [
            "AK_UP_555",
            "AJ_DN_660",
            "AJ_UP_1200",
            "AK_DN_1305"
        ],
        "busytill": 1410,
        "traveltime": 405,
        "waittimes": [],
        "runtimes": [
            80,
            75,
            90,
            85
        ],
        "breakstart": 1410,
        "breakend": 0
    },
    "busno_21": {
        "starting position": "K",
        "final pos": "C",
        "trips": [
            "AK_UP_645",
            "AK_DN_975",
            "AK_UP_1095",
            "AK_DN_1215"
        ],
        "busytill": 1320,
        "traveltime": 435,
        "waittimes": [],
        "runtimes": [
            80,
            105,
            85,
            85
        ],
        "breakstart": 1320,
        "breakend": 0
    },
    "busno_22": {
        "starting position": "K",
        "final pos": "C",
        "trips": [
            "AK_UP_735",
            "AJ_DN_990",
            "AJ_UP_1230",
            "AK_DN_1335"
        ],
        "busytill": 1440,
        "traveltime": 420,
        "waittimes": [],
        "runtimes": [
            80,
            85,
            90,
            85
        ],
        "breakstart": 1440,
        "breakend": 0
    },
    "busno_23": {
        "starting position": "K",
        "final pos": "J",
        "trips": [
            "AK_UP_1035",
            "AK_DN_1155",
            "AK_UP_1275",
            "AJ_DN_1380"
        ],
        "busytill": 1470,
        "traveltime": 420,
        "waittimes": [],
        "runtimes": [
            85,
            105,
            85,
            70
        ],
        "breakstart": 0,
        "breakend": 0
    },
    "busno_24": {
        "starting position": "K",
        "final pos": "A",
        "trips": [
            "AK_UP_1125",
            "AK_DN_1245",
            "AK_UP_1365"
        ],
        "busytill": 1470,
        "traveltime": 315,
        "waittimes": [],
        "runtimes": [
            85,
            85,
            85
        ],
        "breakstart": 0,
        "breakend": 0
    },
    "busno_25": {
        "starting position": "K",
        "final pos": "J",
        "trips": [
            "AK_UP_1185",
            "AJ_DN_1350"
        ],
        "busytill": 1440,
        "traveltime": 195,
        "waittimes": [],
        "runtimes": [
            85,
            80
        ],
        "breakstart": 0,
        "breakend": 0
    },
    "busno_26": {
        "starting position": "K",
        "final pos": "K",
        "trips": [
            "AK_UP_1245",
            "AK_DN_1365"
        ],
        "busytill": 1470,
        "traveltime": 210,
        "waittimes": [],
        "runtimes": [
            85,
            85
        ],
        "breakstart": 0,
        "breakend": 0
    },
    "busno_27": {
        "starting position": "J",
        "final pos": "J",
        "trips": [
            "AJ_UP_1260",
            "AJ_DN_0"
        ],
        "busytill": 1530,
        "traveltime": 195,
        "waittimes": [],
        "runtimes": [
            90,
            75
        ],
        "breakstart": 0,
        "breakend": 0
    },
    "busno_28": {
        "starting position": "K",
        "final pos": "A",
        "trips": [
            "AK_UP_1305"
        ],
        "busytill": 1410,
        "traveltime": 105,
        "waittimes": [],
        "runtimes": [
            85
        ],
        "breakstart": 0,
        "breakend": 0
    },
    "busno_29": {
        "starting position": "J",
        "final pos": "A",
        "trips": [
            "AJ_UP_1320"
        ],
        "busytill": 1425,
        "traveltime": 105,
        "waittimes": [],
        "runtimes": [
            90
        ],
        "breakstart": 0,
        "breakend": 0
    },
    "busno_30": {
        "starting position": "K",
        "final pos": "A",
        "trips": [
            "AK_UP_1335"
        ],
        "busytill": 1440,
        "traveltime": 105,
        "waittimes": [],
        "runtimes": [
            85
        ],
        "breakstart": 0,
        "breakend": 0
    }
}